Date,Name,Year,Letterboxd URI
2021-11-24,Dune,2021,https://boxd.it/fA7G
2021-11-24,Red Notice,2021,https://boxd.it/ixtq
2021-11-24,Parasite,2019,https://boxd.it/hTha
2021-11-24,Titane,2021,https://boxd.it/nlQC
2021-11-24,Joker,2019,https://boxd.it/h4cS
2021-11-24,Perfect Blue,1997,https://boxd.it/1W7A
2021-11-24,Bo Burnham: Inside,2021,https://boxd.it/v2uy
2021-11-24,Spider-Man: Into the Spider-Verse,2018,https://boxd.it/azpY
2021-11-24,La La Land,2016,https://boxd.it/a5fa
2021-11-24,Gone Girl,2014,https://boxd.it/6hQu
2021-11-24,Whiplash,2014,https://boxd.it/7bQA
2021-11-24,Bohemian Rhapsody,2018,https://boxd.it/f1TK
2021-11-24,The Breakfast Club,1985,https://boxd.it/27q4
2021-11-24,Fantastic Mr. Fox,2009,https://boxd.it/1WyQ
2021-11-24,The Witch,2015,https://boxd.it/9X0m
2021-11-24,Isle of Dogs,2018,https://boxd.it/dZrW
2021-11-24,Howl's Moving Castle,2004,https://boxd.it/23De
2021-11-24,Suicide Squad,2016,https://boxd.it/9row
2021-11-24,Little Miss Sunshine,2006,https://boxd.it/29EW
2021-11-24,Ferris Bueller's Day Off,1986,https://boxd.it/1YPY
2021-11-24,Coraline,2009,https://boxd.it/1NhQ
2021-11-24,The Conjuring,2013,https://boxd.it/4sr2
2021-11-24,mid90s,2018,https://boxd.it/fxIa
2021-11-24,Raw,2016,https://boxd.it/dLd2
2021-11-24,Grave of the Fireflies,1988,https://boxd.it/1RUM
2021-11-24,Free Guy,2021,https://boxd.it/k8dm
2021-11-24,Fear Street: 1994,2021,https://boxd.it/lLBk
2021-11-24,Singin' in the Rain,1952,https://boxd.it/29oY
2021-11-24,22 Jump Street,2014,https://boxd.it/5Fvy
2021-11-24,Blue Is the Warmest Color,2013,https://boxd.it/4O40
2021-11-24,The Conjuring: The Devil Made Me Do It,2021,https://boxd.it/eXZY
2021-11-24,Play,2019,https://boxd.it/jYC2
2021-11-25,30 Days Max,2020,https://boxd.it/mFI2
2021-11-25,Compartment No. 6,2021,https://boxd.it/lEty
2021-11-25,Some Like It Rare,2021,https://boxd.it/rpdC
2021-11-25,Bye Bye Morons,2020,https://boxd.it/oekm
2021-11-25,The Evil Dead,1981,https://boxd.it/29Go
2021-11-25,Us,2019,https://boxd.it/gnV6
2021-11-25,OSS 117: From Africa with Love,2021,https://boxd.it/mjce
2021-11-25,Hereditary,2018,https://boxd.it/hNVe
2021-11-25,Mandibles,2020,https://boxd.it/nHDK
2021-11-25,Jojo Rabbit,2019,https://boxd.it/iEBG
2021-11-25,It Chapter Two,2019,https://boxd.it/h10u
2021-11-25,Child's Play 2,1990,https://boxd.it/1Uqq
2021-11-25,Child's Play,1988,https://boxd.it/1VTo
2021-11-25,Child's Play,2019,https://boxd.it/jpX0
2021-11-25,Bride of Chucky,1998,https://boxd.it/1SJU
2021-11-25,Curse of Chucky,2013,https://boxd.it/5b1y
2021-11-25,Seed of Chucky,2004,https://boxd.it/1UgA
2021-11-25,Cult of Chucky,2017,https://boxd.it/dKOm
2021-11-25,Child's Play 3,1991,https://boxd.it/1Uqg
2021-11-26,My Dog Stupid,2019,https://boxd.it/jxHY
2021-11-26,Willy's Wonderland,2021,https://boxd.it/nTcG
2021-11-27,Spiral: From the Book of Saw,2021,https://boxd.it/meXk
2021-11-27,Angèle,2021,https://boxd.it/xI1M
2021-12-04,House of Gucci,2021,https://boxd.it/nVkC
2021-12-08,Ghostbusters: Afterlife,2021,https://boxd.it/f4Pw
2021-12-09,Spider-Man,2002,https://boxd.it/2a8i
2021-12-11,Spider-Man 2,2004,https://boxd.it/2a88
2021-12-12,Spider-Man 3,2007,https://boxd.it/2a7Y
2021-12-12,The Amazing Spider-Man,2012,https://boxd.it/27PI
2021-12-12,The Amazing Spider-Man 2,2014,https://boxd.it/3utM
2021-12-14,Spider-Man: Homecoming,2017,https://boxd.it/aboM
2021-12-15,Spider-Man: Far From Home,2019,https://boxd.it/fegG
2021-12-15,Tokyo Godfathers,2003,https://boxd.it/1Qg2
2021-12-16,Spider-Man: No Way Home,2021,https://boxd.it/nwRw
2021-12-27,Eighth Grade,2018,https://boxd.it/hDMG
2021-12-27,Bo Burnham: Make Happy,2016,https://boxd.it/e436
2022-01-04,Baby Driver,2017,https://boxd.it/bhF2
2022-01-08,Godzilla vs. Kong,2021,https://boxd.it/e0qK
2022-01-08,Mad Max: Fury Road,2015,https://boxd.it/2DjO
2022-01-10,Night of the Living Dead,1968,https://boxd.it/1WwA
2022-01-10,The Lorax,1972,https://boxd.it/16Rw
2022-01-10,Puparia,2020,https://boxd.it/sNym
2022-01-11,Midsommar,2019,https://boxd.it/jhxe
2022-01-11,A Quiet Place,2018,https://boxd.it/fVJQ
2022-01-12,Licorice Pizza,2021,https://boxd.it/qTKY
2022-01-12,Zodiac,2007,https://boxd.it/27MO
2022-01-14,Atman,1975,https://boxd.it/5n4Y
2022-01-14,Ani*Kuri15: Good Morning,2007,https://boxd.it/fqQc
2022-01-14,The Phantom of Regular Size,1986,https://boxd.it/3AzQ
2022-01-16,Kaamelott: The First Chapter,2021,https://boxd.it/lduY
2022-01-18,The Shining,1980,https://boxd.it/29Nu
2022-01-18,The Truman Show,1998,https://boxd.it/18U8
2022-01-19,The House,2022,https://boxd.it/yVza
2022-01-21,Climax,2018,https://boxd.it/ikvo
2022-01-22,Taxi Driver,1976,https://boxd.it/2b8y
2022-01-22,City Hunter: .357 Magnum,1989,https://boxd.it/14NW
2022-01-27,The Haunting of Hill House,2018,https://boxd.it/kfJ0
2022-01-27,The Haunting of Bly Manor,2020,https://boxd.it/rUdS
2022-01-27,Maniac,2018,https://boxd.it/jX9y
2022-01-28,Squid Game,2021,https://boxd.it/x1OG
2022-01-30,Mali Twist,2021,https://boxd.it/tFxs
2022-01-31,Mother Schmuckers,2021,https://boxd.it/tbma
2022-01-31,Nathalie vous nique tous,2017,https://boxd.it/QN5s
2022-02-01,Tickled,2016,https://boxd.it/cWEG
2022-02-01,The Tickle King,2017,https://boxd.it/fIeA
2022-02-01,Venus,1990,https://boxd.it/8MdC
2022-02-02,Terrible Jungle,2020,https://boxd.it/qZa8
2022-02-03,Whiteout,2019,https://boxd.it/mEDg
2022-02-03,Thunder,1982,https://boxd.it/8yjc
2022-02-03,Tin Toy,1988,https://boxd.it/1P7e
2022-02-05,She's All That,1999,https://boxd.it/1Wz0
2022-02-05,If Anything Happens I Love You,2020,https://boxd.it/qIv4
2022-02-06,Last Night in Soho,2021,https://boxd.it/lbJC
2022-02-12,Love and Leashes,2022,https://boxd.it/szB2
2022-02-12,The Adventures of André and Wally B.,1984,https://boxd.it/1P7I
2022-02-12,Luxo Jr.,1986,https://boxd.it/1P7y
2022-02-12,Red's Dream,1987,https://boxd.it/1P7o
2022-02-12,Knick Knack,1989,https://boxd.it/1P74
2022-02-17,Encanto,2021,https://boxd.it/kPRu
2022-02-17,Geri's Game,1997,https://boxd.it/1P6U
2022-02-17,For the Birds,2000,https://boxd.it/1P6K
2022-02-19,Jackass 3.5,2011,https://boxd.it/2Ak
2022-02-28,Zaï Zaï Zaï Zaï,2020,https://boxd.it/t7xe
2022-03-01,Texas Chainsaw Massacre,2022,https://boxd.it/ns6c
2022-03-02,The Banana Splits Movie,2019,https://boxd.it/mtGy
2022-03-02,The Hug,2018,https://boxd.it/kamK
2022-03-03,The Batman,2022,https://boxd.it/eDGs
2022-03-06,Alibi.com,2017,https://boxd.it/dYIi
2022-03-13,Harry Potter and the Philosopher's Stone,2001,https://boxd.it/29QS
2022-03-13,Harry Potter and the Chamber of Secrets,2002,https://boxd.it/29QI
2022-03-13,Harry Potter and the Prisoner of Azkaban,2004,https://boxd.it/29Qy
2022-03-13,Harry Potter and the Goblet of Fire,2005,https://boxd.it/29Qo
2022-03-14,Baywatch,2017,https://boxd.it/biG6
2022-03-16,LOL (Laughing Out Loud),2008,https://boxd.it/2lxI
2022-03-16,White Chicks,2004,https://boxd.it/1SpK
2022-03-16,Mike's New Car,2002,https://boxd.it/1P6A
2022-03-16,Jack-Jack Attack,2005,https://boxd.it/1P6q
2022-03-17,The Social Dilemma,2020,https://boxd.it/opQI
2022-03-18,Bad Trip,2021,https://boxd.it/lgRG
2022-03-28,Kingsman: The Secret Service,2014,https://boxd.it/6dxe
2022-03-31,R.I.P.D.,2013,https://boxd.it/FQQ
2022-04-02,"Marry Me, Dude",2017,https://boxd.it/flkA
2022-04-02,Midnight in Paris,2011,https://boxd.it/i4a
2022-04-03,Little Man,2006,https://boxd.it/1ZeE
2022-04-06,Roman Frayssinet : Alors,2022,https://boxd.it/z7ZE
2022-04-06,Hakim Jemili : Super,2022,https://boxd.it/zoTI
2022-04-08,Bun Hay Mean : le Chinois marrant,2019,https://boxd.it/mCuc
2022-04-09,Sixty,2019,https://boxd.it/oR2w
2022-04-09,Sixty-two,2020,https://boxd.it/sN6s
2022-04-10,Kingsman: The Golden Circle,2017,https://boxd.it/buJm
2022-04-10,Kick-Ass,2010,https://boxd.it/1zaQ
2022-04-14,Guest,2020,https://boxd.it/rlOE
2022-04-14,The Smiling Man,2015,https://boxd.it/e0v6
2022-04-20,"My Donkey, My Lover & I",2020,https://boxd.it/oW0U
2022-04-24,"Camille Lellouche, le spectacle",2021,https://boxd.it/y1f4
2022-04-25,One Night in Paris,2021,https://boxd.it/xcO8
2022-04-27,Uncharted,2022,https://boxd.it/b5Dy
2022-04-29,365 Days,2020,https://boxd.it/oJ9O
2022-05-05,"OSS 117: Cairo, Nest of Spies",2006,https://boxd.it/1MIm
2022-05-08,Teeth,2007,https://boxd.it/1QMM
2022-05-08,The Brice Man,2005,https://boxd.it/1INs
2022-05-08,The New Adventures of Aladdin,2015,https://boxd.it/bw1G
2022-05-08,The Speech,2020,https://boxd.it/qExA
2022-05-08,Candyman,2021,https://boxd.it/kHFg
2022-05-08,Steak,2007,https://boxd.it/GUO
2022-05-09,Malignant,2021,https://boxd.it/mViE
2022-05-09,Benedetta,2021,https://boxd.it/gdNQ
2022-05-10,MILF,2018,https://boxd.it/i2ic
2022-05-11,Doctor Strange,2016,https://boxd.it/8MH8
2022-05-12,Doctor Strange in the Multiverse of Madness,2022,https://boxd.it/gaTc
2022-05-12,[REC],2007,https://boxd.it/20ma
2022-05-14,Venom,2018,https://boxd.it/b8wA
2022-05-15,Venom: Let There Be Carnage,2021,https://boxd.it/llco
2022-05-15,Black Friday,2021,https://boxd.it/sMuy
2022-05-16,It Boy,2013,https://boxd.it/5kkE
2022-05-16,Bernie,1996,https://boxd.it/1Eiq
2022-05-17,Other Side of the Box,2018,https://boxd.it/lXsa
2022-05-17,Kyan Khojandi : Pulsions,2019,https://boxd.it/lzfm
2022-05-18,Blanche Gardin: I Talk to Myself,2017,https://boxd.it/hU7g
2022-05-18,Eric Andre: Legalize Everything,2020,https://boxd.it/qj7c
2022-05-18,Louis C.K.: Oh My God,2013,https://boxd.it/5DaI
2022-05-18,Alex Ramirès : Sensiblement viril,2022,https://boxd.it/Aolo
2022-05-18,Sonic the Hedgehog,2020,https://boxd.it/gdK8
2022-05-18,Fake News,2021,https://boxd.it/rBv4
2022-05-18,Pete Davidson: Alive from New York,2020,https://boxd.it/p6ti
2022-05-19,WandaVision,2021,https://boxd.it/sbGW
2022-05-20,Morbius,2022,https://boxd.it/j978
2022-05-20,The Professional Secrets of Dr. Apfelgluck,1991,https://boxd.it/2tiw
2022-05-24,Chip 'n Dale: Rescue Rangers,2022,https://boxd.it/eSk2
2022-05-24,Midori,1992,https://boxd.it/2jvq
2022-05-24,Fary: Hexagone,2020,https://boxd.it/FJYm
2022-05-25,Insidious,2010,https://boxd.it/H4k
2022-05-25,The Hills Have Eyes,1977,https://boxd.it/1Sa6
2022-05-26,Insidious: Chapter 2,2013,https://boxd.it/3dqc
2022-05-26,Animal Crossing: The Movie,2006,https://boxd.it/1DlS
2022-06-02,Bo Burnham: The Inside Outtakes,2022,https://boxd.it/C0h2
2022-06-03,Camille Chamoux : Le temps de vivre,2021,https://boxd.it/AZhI
2022-06-03,Judd Apatow: The Return,2017,https://boxd.it/hx28
2022-06-03,Chris Rock: Tamborine,2018,https://boxd.it/ifLG
2022-06-04,It,2017,https://boxd.it/bC8e
2022-06-06,Superwho?,2021,https://boxd.it/s1rC
2022-06-06,Junior,2011,https://boxd.it/9PtA
2022-06-08,Pom Poko,1994,https://boxd.it/1Mvi
2022-06-12,The Unbearable Weight of Massive Talent,2022,https://boxd.it/o6eK
2022-06-12,The Wannabes,2022,https://boxd.it/rNjk
2022-06-12,Marina Rollman - Un spectacle drôle,2022,https://boxd.it/BfiC
2022-06-13,Full Speed,2016,https://boxd.it/dk8u
2022-06-17,Winona Ryder: The Ghosts She Called,2022,https://boxd.it/A2ZG
2022-06-18,Jackass Forever,2022,https://boxd.it/opUg
2022-06-19,Gad Gone Wild,2017,https://boxd.it/fwlu
2022-06-19,Jackass 4.5,2022,https://boxd.it/vfTm
2022-06-19,Spree,2020,https://boxd.it/oiiO
2022-06-20,The Lonely Island Presents: The Unauthorized Bash Brothers Experience,2019,https://boxd.it/mihs
2022-06-24,The Immigrant,1917,https://boxd.it/Kcm
2022-06-25,Drive My Car,2021,https://boxd.it/sv94
2022-06-25,HAIM / Valentine,2017,https://boxd.it/jwGA
2022-06-25,Jerrod Carmichael: Love at the Store,2014,https://boxd.it/9mNQ
2022-06-26,The Legend of Black Snake,2019,https://boxd.it/kex8
2022-06-26,Deerskin,2019,https://boxd.it/lqOW
2022-06-26,365 Days: This Day,2022,https://boxd.it/vhbc
2022-06-26,Total Recall,1990,https://boxd.it/29qK
2022-06-27,"Norm Macdonald: Hitler's Dog, Gossip & Trickery",2017,https://boxd.it/ghRi
2022-06-27,The Rink,1916,https://boxd.it/27uK
2022-06-27,The Conjuring 2,2016,https://boxd.it/7GJg
2022-06-27,The Disaster Artist,2017,https://boxd.it/cTqc
2022-06-28,"Someone, Somewhere",2019,https://boxd.it/lspO
2022-06-29,Tour de Pharmacy,2017,https://boxd.it/gnxS
2022-06-29,Under the Shadow,2016,https://boxd.it/d1uG
2022-06-30,Killer's Kiss,1955,https://boxd.it/1Xcc
2022-06-30,Daddy or Mommy,2015,https://boxd.it/al9C
2022-07-01,The Last Duel,2021,https://boxd.it/mQbe
2022-07-01,The Nun,2018,https://boxd.it/fBkw
2022-07-02,Divorce French Style,2016,https://boxd.it/dk7Q
2022-07-03,This Is the End,2013,https://boxd.it/3GB4
2022-07-03,Neighbors,2014,https://boxd.it/5Txe
2022-07-04,Arthur: Malediction,2022,https://boxd.it/A4Gw
2022-07-04,Decision to Leave,2022,https://boxd.it/qp9e
2022-07-04,"Good Guys Go to Heaven, Bad Guys Go to Pattaya",2016,https://boxd.it/8tkE
2022-07-04,The Curse of La Llorona,2019,https://boxd.it/hg0E
2022-07-07,The Outsider,2018,https://boxd.it/6190
2022-07-07,Neighbors 2: Sorority Rising,2016,https://boxd.it/aA80
2022-07-08,Jackass: The Movie,2002,https://boxd.it/1Zo0
2022-07-08,Seth Rogen's Hilarity for Charity,2018,https://boxd.it/iIdS
2022-07-10,Benny Loves You,2019,https://boxd.it/o30A
2022-07-11,The Blair Witch Project,1999,https://boxd.it/26ua
2022-07-12,Even Mice Belong in Heaven,2021,https://boxd.it/lFNu
2022-07-13,S.W.A.T.: Firefight,2011,https://boxd.it/ugC
2022-07-14,The 5th Wave,2016,https://boxd.it/9wbi
2022-07-14,Booksmart,2019,https://boxd.it/igNS
2022-07-15,Top Gun: Maverick,2022,https://boxd.it/cjr4
2022-07-15,A Quiet Place Part II,2020,https://boxd.it/iTx0
2022-07-16,Everything Everywhere All at Once,2022,https://boxd.it/jUk4
2022-07-16,American Assassin,2017,https://boxd.it/eFLE
2022-07-18,It Follows,2014,https://boxd.it/87wo
2022-07-19,BOOKSTORES: How to Read More Books in the Golden Age of Content,2018,https://boxd.it/kFFe
2022-07-19,Interstella 5555: The 5tory of the 5ecret 5tar 5ystem,2003,https://boxd.it/1ULy
2022-07-20,Superbad,2007,https://boxd.it/20hO
2022-07-23,The Gray Man,2022,https://boxd.it/rb7q
2022-07-27,Raiders of the Lost Ark,1981,https://boxd.it/2bbs
2022-07-27,Man vs Bee,2022,https://boxd.it/Trcs
2022-07-30,Aziz Ansari: Nightclub Comedian,2022,https://boxd.it/yTMm
2022-08-02,The Sadness,2021,https://boxd.it/tcHe
2022-08-03,Michael Che: Shame the Devil,2021,https://boxd.it/xWy6
2022-08-04,The Texas Chain Saw Massacre,1974,https://boxd.it/1lcS
2022-08-05,The Wild One,1953,https://boxd.it/1p0G
2022-08-06,Thank Heaven for Small Favors,1963,https://boxd.it/ajQ
2022-08-06,Don't Breathe 2,2021,https://boxd.it/hla0
2022-08-06,Palm Springs,2020,https://boxd.it/lCXQ
2022-08-07,I Walked with a Zombie,1943,https://boxd.it/1stm
2022-08-07,The Exchange Student,1967,https://boxd.it/1Tdq
2022-08-11,Nope,2022,https://boxd.it/sDCe
2022-08-18,Le Gendarme de Saint-Tropez,1964,https://boxd.it/23Uk
2022-08-25,The Visit,2015,https://boxd.it/9ssO
2022-08-25,Nobody,2021,https://boxd.it/mLqS
2022-08-26,Le gala de Paul Mirabel (avec de l'aide),2021,https://boxd.it/yH8k
2022-08-26,En même temps,2022,https://boxd.it/yFWC
2022-08-26,Didier,1997,https://boxd.it/17PQ
2022-08-26,Cat People,1942,https://boxd.it/1vG4
2022-08-29,A Man There Was,1917,https://boxd.it/3Ef6
2022-08-30,Tom Cruise: An Eternal Youth,2020,https://boxd.it/sLC2
2022-08-30,The Lord of the Rings: The Fellowship of the Ring,2001,https://boxd.it/2b5O
2022-08-31,John Mulaney: The Comeback Kid,2015,https://boxd.it/cK4w
2022-08-31,Top Gun,1986,https://boxd.it/29JC
2022-08-31,Kirikou and the Sorceress,1998,https://boxd.it/1C3y
2022-09-02,Circle,2015,https://boxd.it/b5So
2022-09-03,In the Mood for Love,2000,https://boxd.it/29tE
2022-09-04,American Psycho,2000,https://boxd.it/28Vs
2022-09-04,Paprika,2006,https://boxd.it/23wW
2022-09-05,Fallen Angels,1995,https://boxd.it/1UkW
2022-09-05,"As Above, So Below",2014,https://boxd.it/7yui
2022-09-06,John Mulaney: Kid Gorgeous at Radio City,2018,https://boxd.it/iTts
2022-09-06,American Psycho II: All American Girl,2002,https://boxd.it/1VxC
2022-09-07,C'mon C'mon,2021,https://boxd.it/nrI0
2022-09-11,Seven Samurai,1954,https://boxd.it/2axi
2022-09-12,Basic Instinct,1992,https://boxd.it/2asM
2022-09-15,The Birds,1963,https://boxd.it/2a6m
2022-09-17,The Birds II: Land's End,1994,https://boxd.it/24uW
2022-09-18,Basic Instinct 2,2006,https://boxd.it/25L0
2022-09-19,Yesterday,2019,https://boxd.it/iF7M
2022-09-20,Ali Wong: Don Wong,2022,https://boxd.it/zbWY
2022-09-21,X,2022,https://boxd.it/sxVa
2022-09-22,Tucker and Dale vs. Evil,2010,https://boxd.it/Mce
2022-09-23,Beetlejuice,1988,https://boxd.it/24QI
2022-09-24,Speak No Evil,2022,https://boxd.it/vqlg
2022-09-25,Ernest Scared Stupid,1991,https://boxd.it/1gGS
2022-09-25,Arrival,2016,https://boxd.it/aNGk
2022-09-27,From Dusk Till Dawn,1996,https://boxd.it/29HQ
2022-09-28,The King,2019,https://boxd.it/ieZs
2022-09-29,No Time to Die,2021,https://boxd.it/cPX2
2022-10-02,Firebase,2017,https://boxd.it/gAQy
2022-10-03,The Black Phone,2021,https://boxd.it/sqFE
2022-10-04,Creature from the Black Lagoon,1954,https://boxd.it/1UXk
2022-10-05,ParaNorman,2012,https://boxd.it/2FuY
2022-10-05,Bodies Bodies Bodies,2022,https://boxd.it/iRcE
2022-10-05,Tetsuo: The Iron Man,1989,https://boxd.it/ZoM
2022-10-07,Scared Shrekless,2010,https://boxd.it/InW
2022-10-07,Shrek 3-D,2004,https://boxd.it/1vEi
2022-10-08,Corpse Bride,2005,https://boxd.it/24WQ
2022-10-08,Hellraiser,1987,https://boxd.it/1Zpi
2022-10-11,Marriage Story,2019,https://boxd.it/hJAw
2022-10-12,Slender Man,2018,https://boxd.it/fBcs
2022-10-14,Insidious: Chapter 3,2015,https://boxd.it/8BkM
2022-10-14,Grimcutty,2022,https://boxd.it/CKk2
2022-10-15,Evil Dead II,1987,https://boxd.it/29Ge
2022-10-15,Army of Darkness,1992,https://boxd.it/29G4
2022-10-15,The Midnight Game,2013,https://boxd.it/5biE
2022-10-18,The Midnight Man,2016,https://boxd.it/hKsI
2022-10-18,Trick or Treat Scooby-Doo!,2022,https://boxd.it/CobW
2022-10-19,Halloween,1978,https://boxd.it/2wRu
2022-10-19,Eyes Without a Face,1960,https://boxd.it/1j9i
2022-10-20,A Page of Madness,1926,https://boxd.it/3i2u
2022-10-20,The Deadly Spawn,1983,https://boxd.it/12zI
2022-10-20,One Cut of the Dead,2017,https://boxd.it/iAFu
2022-10-20,The Wasp Woman,1959,https://boxd.it/1rxW
2022-10-21,Onibaba,1964,https://boxd.it/252a
2022-10-27,Terrifier,2016,https://boxd.it/eRzg
2022-10-27,Terrifier 2,2022,https://boxd.it/oI10
2022-10-30,Barbarian,2022,https://boxd.it/yohi
2022-10-31,Lot 36,2022,https://boxd.it/Dk7I
2022-11-05,Panayotis Pascot: Almost,2022,https://boxd.it/DuVo
2022-11-05,Kev Adams: The Real Me,2022,https://boxd.it/CSTa
2022-11-05,Jerrod Carmichael: Rothaniel,2022,https://boxd.it/zW6A
2022-11-06,Coco,2017,https://boxd.it/bYJQ
2022-11-06,Superhero Movie,2008,https://boxd.it/1SM0
2022-11-07,Incredible But True,2022,https://boxd.it/rBtC
2022-11-07,Pearl,2022,https://boxd.it/zPbe
2022-11-08,Judgement,1999,https://boxd.it/17p4
2022-11-08,Beyond the Infinite Two Minutes,2020,https://boxd.it/ujVk
2022-11-08,Taipei Suicide Story,2020,https://boxd.it/rPVK
2022-11-11,Orelsan: Never Show This to Anyone,2021,https://boxd.it/A5XS
2022-11-13,Rise,2022,https://boxd.it/sZ1Y
2022-11-14,Ghost with Driver,1996,https://boxd.it/E9G
2022-11-17,Tous Inconnus,2022,https://boxd.it/DmHy
2022-11-21,After Yang,2021,https://boxd.it/lx5a
2022-11-26,Nick Kroll: Little Big Boy,2022,https://boxd.it/Cq1O
2022-11-26,Blonde,2022,https://boxd.it/9AG0
2022-11-27,It,1990,https://boxd.it/26tG
2022-11-29,Smile,2022,https://boxd.it/xjfE
2022-11-30,Hellraiser,2022,https://boxd.it/bg7S
2022-12-01,Pennywise: The Story of ‘It’,2021,https://boxd.it/iyuO
2022-12-01,Wendell & Wild,2022,https://boxd.it/iwtu
2022-12-01,Men,2022,https://boxd.it/tlc0
2022-12-01,Norm Macdonald: Nothing Special,2022,https://boxd.it/AOEG
2022-12-02,Stutz,2022,https://boxd.it/u5li
2022-12-03,Bros,2022,https://boxd.it/mJZw
2022-12-03,The Santa Clause,1994,https://boxd.it/1TWK
2022-12-03,Snatch,2000,https://boxd.it/2b7U
2022-12-04,A Charlie Brown Christmas,1965,https://boxd.it/1QDq
2022-12-04,"It's Christmastime Again, Charlie Brown",1992,https://boxd.it/1yxa
2022-12-09,The Menu,2022,https://boxd.it/lScm
2022-12-10,Athena,2022,https://boxd.it/waii
2022-12-12,Christmas & Co.,2017,https://boxd.it/g6as
2022-12-13,Holy Spider,2022,https://boxd.it/xBn2
2022-12-14,See You Up There,2017,https://boxd.it/fg2Q
2022-12-14,The Tragedy of Macbeth,2021,https://boxd.it/lMi4
2022-12-15,Turning Red,2022,https://boxd.it/ipkq
2022-12-18,RRR,2022,https://boxd.it/ljDs
2022-12-18,Lightyear,2022,https://boxd.it/qV1G
2022-12-18,Les Bénabars,2022,https://boxd.it/EcOG
2022-12-19,Final Cut,2022,https://boxd.it/waOe
2022-12-19,Guillermo del Toro's Pinocchio,2022,https://boxd.it/kjMW
2022-12-20,Avatar,2009,https://boxd.it/1Efm
2022-12-23,Thor: Love and Thunder,2022,https://boxd.it/mMAY
2022-12-23,See How They Run,2022,https://boxd.it/sNVq
2022-12-25,Benjamin Biolay Christmas Show,2022,https://boxd.it/DAc0
2022-12-25,Violent Night,2022,https://boxd.it/xXBA
2022-12-25,The Guardians of the Galaxy Holiday Special,2022,https://boxd.it/t77K
2022-12-27,Marcel the Shell with Shoes On,2021,https://boxd.it/wMAk
2022-12-28,Fire of Love,2022,https://boxd.it/yoPY
2022-12-28,Up for Love,2016,https://boxd.it/cHaQ
2022-12-29,Armageddon Time,2022,https://boxd.it/mLRk
2022-12-29,The Northman,2022,https://boxd.it/nK2s
2022-12-29,Black Adam,2022,https://boxd.it/fup0
2022-12-29,Bullet Train,2022,https://boxd.it/qW26
2022-12-30,Triangle of Sadness,2022,https://boxd.it/hXlq
2022-12-30,Red Rocket,2021,https://boxd.it/sGpi
2022-12-31,Wheel of Fortune and Fantasy,2021,https://boxd.it/tWcm
2023-01-01,Joshua and the Promised Land,2004,https://boxd.it/eydA
2023-01-03,La Haine,1995,https://boxd.it/2as8
2023-01-05,Avatar: The Way of Water,2022,https://boxd.it/2E2E
2023-01-09,Starsky & Hutch,2004,https://boxd.it/1YOQ
2023-01-10,Ducobu 4 President,2022,https://boxd.it/uzsI
2023-01-12,Clerks,1994,https://boxd.it/2706
2023-01-13,Prisoners,2013,https://boxd.it/4E5i
2023-01-14,Revoir Paris,2022,https://boxd.it/yuDY
2023-01-14,A Steven Wright Special,1985,https://boxd.it/qMY
2023-01-15,Joysticks,1983,https://boxd.it/1s3I
2023-01-15,Clerks II,2006,https://boxd.it/26ZC
2023-01-17,Clerks III,2022,https://boxd.it/nAaQ
2023-01-18,Midnight in Paris,1942,https://boxd.it/9pVo
2023-01-20,"Steamboat Bill, Jr.",1928,https://boxd.it/1v9u
2023-01-20,"The Death of ""Superman Lives"": What Happened?",2015,https://boxd.it/8wQ4
2023-01-20,The Blob,1958,https://boxd.it/1ZKA
2023-01-21,Demonic Toys,1992,https://boxd.it/11gg
2023-01-21,Promising Young Woman,2020,https://boxd.it/loRE
2023-01-30,Babylon,2022,https://boxd.it/mM02
2023-02-01,The Tale of Zatoichi,1962,https://boxd.it/1JMq
2023-02-02,Franz Kafka's a Country Doctor,2007,https://boxd.it/2vWS
2023-02-03,Shame,2011,https://boxd.it/2CxU
2023-02-03,Fantastic Planet,1973,https://boxd.it/1KnQ
2023-02-03,Batman Begins,2005,https://boxd.it/2aIg
2023-02-07,Asterix & Obelix: The Middle Kingdom,2023,https://boxd.it/nSVq
2023-02-08,The Banshees of Inisherin,2022,https://boxd.it/p7XS
2023-02-13,Porco Rosso,1992,https://boxd.it/1Tp2
2023-02-14,Little Nicholas,2009,https://boxd.it/1jCE
2023-02-15,Feels Good Man,2020,https://boxd.it/oigS
2023-02-17,Q: The Winged Serpent,1982,https://boxd.it/1r7a
2023-02-18,Jack Mimoun & the Secrets of Val Verde,2022,https://boxd.it/xKlY
2023-02-19,The Asadas!,2020,https://boxd.it/lA2e
2023-02-21,The New Toy,2022,https://boxd.it/wIkC
2023-02-28,Shocker,1989,https://boxd.it/1RNG
2023-03-01,BDE,2023,https://boxd.it/A9YK
2023-03-01,Natural Born Liar,2022,https://boxd.it/vgju
2023-03-02,Knock at the Cabin,2023,https://boxd.it/npL2
2023-03-03,The Fabelmans,2022,https://boxd.it/ugoM
2023-03-03,Save Our School,2022,https://boxd.it/A96y
2023-03-05,Infinity Pool,2023,https://boxd.it/oPSK
2023-03-08,The Twelve Tasks of Asterix,1976,https://boxd.it/1YOG
2023-03-24,Role Models,2008,https://boxd.it/1MmK
2023-03-25,Max Boublil : Nouveau spectacle,2021,https://boxd.it/xxVO
2023-03-27,Comedy Central Roast of James Franco,2013,https://boxd.it/9xEq
2023-03-27,Sarah Silverman: A Speck of Dust,2017,https://boxd.it/gp5w
2023-03-27,Cocaine Bear,2023,https://boxd.it/ugw2
2023-04-04,The Wrestler,2008,https://boxd.it/1So8
2023-04-05,Stéphane,2023,https://boxd.it/y3oM
2023-04-05,Fabrice Éboué - Plus rien à perdre,2020,https://boxd.it/pJmA
2023-04-05,Florence Foresti : Epilogue,2019,https://boxd.it/opXk
2023-04-07,Jim Jefferies: Bare,2014,https://boxd.it/920O
2023-04-07,The Super Mario Bros. Movie,2023,https://boxd.it/i8C8
2023-04-08,Pokémon Detective Pikachu,2019,https://boxd.it/fVA0
2023-04-09,The Peanuts Movie,2015,https://boxd.it/6Jci
2023-04-09,La Jetée,1962,https://boxd.it/29Sk
2023-04-10,Tale of Tales,1979,https://boxd.it/1boa
2023-04-12,Super Mario Brothers: Great Mission to Rescue Princess Peach,1986,https://boxd.it/1q8m
2023-04-13,Employee of the Month,2022,https://boxd.it/rZD2
2023-04-18,Evil Dead,2013,https://boxd.it/3GPq
2023-04-19,Smoking Causes Coughing,2022,https://boxd.it/wVl4
2023-04-20,The Babadook,2014,https://boxd.it/77xu
2023-04-21,Fabrice Éboué - Adieu Hier,2023,https://boxd.it/G47y
2023-04-23,Suzume,2022,https://boxd.it/yv7Y
2023-04-24,Memories of Murder,2003,https://boxd.it/1TSo
2023-04-25,Doctor X,1932,https://boxd.it/25bQ
2023-04-26,Un Chien Andalou,1929,https://boxd.it/29Y8
2023-04-26,Ménilmontant,1926,https://boxd.it/JlW
2023-04-28,Re-Animator,1985,https://boxd.it/28hM
2023-04-30,John Mulaney: Baby J,2023,https://boxd.it/FlAA
2023-04-30,A Nightmare on Elm Street,1984,https://boxd.it/2aw0
2023-05-02,Evil Dead Rise,2023,https://boxd.it/qIvo
2023-05-06,Modest Heroes,2018,https://boxd.it/iDYa
2023-05-06,Bill Burr: Paper Tiger,2019,https://boxd.it/n93I
2023-05-07,Yacine Belhousse : 2021,2022,https://boxd.it/A4RY
2023-05-24,Showing Up,2022,https://boxd.it/tJ1q
2023-06-01,Spider-Man: Across the Spider-Verse,2023,https://boxd.it/kSz4
2023-06-07,Where Life Begins,2022,https://boxd.it/wLYq
2023-06-12,Winnie the Pooh: Blood and Honey,2023,https://boxd.it/B1rg
2023-06-21,Love Life,2022,https://boxd.it/yXzm
2023-06-24,Five,2016,https://boxd.it/dh4a
2023-07-03,Daisies,1966,https://boxd.it/LZk
2023-07-04,No Hard Feelings,2023,https://boxd.it/xouu
2023-07-04,Fast X,2023,https://boxd.it/drIu
2023-07-05,Alibi.com 2,2023,https://boxd.it/AxGq
2023-07-11,Indiana Jones and the Dial of Destiny,2023,https://boxd.it/b8vM
2023-07-12,Asteroid City,2023,https://boxd.it/s3ds
2023-07-12,Knock Knock,2015,https://boxd.it/7Q9s
2023-07-13,Keep an Eye Out,2018,https://boxd.it/h1aY
2023-07-13,Reality,2014,https://boxd.it/5txC
2023-07-14,Super 8,2011,https://boxd.it/dVI
2023-07-15,DOA: Dead or Alive,2006,https://boxd.it/1ZhI
2023-07-17,Tenor,2022,https://boxd.it/zhBC
2023-07-18,Yacine Belhousse : 2022,2022,https://boxd.it/GELk
2023-07-18,Jerrod Carmichael: 8,2017,https://boxd.it/fM9u
2023-07-19,No Dogs or Italians Allowed,2022,https://boxd.it/qMzu
2023-07-19,Mars Attacks!,1996,https://boxd.it/2bd4
2023-07-19,Man with a Movie Camera,1929,https://boxd.it/1u7s
2023-07-23,Barbie,2023,https://boxd.it/bCLK
2023-07-24,Fatal,2010,https://boxd.it/Pik
2023-07-25,Deadpool,2016,https://boxd.it/9fOC
2023-07-25,The Five Devils,2022,https://boxd.it/uVsA
2023-07-29,The First Slam Dunk,2022,https://boxd.it/tt94
2023-07-31,The Meg,2018,https://boxd.it/bAL4
2023-08-02,Oppenheimer,2023,https://boxd.it/wUow
2023-08-09,Deadpool 2,2018,https://boxd.it/dlLM
2023-08-16,Transformers: Rise of the Beasts,2023,https://boxd.it/oQTa
2023-08-21,Foodfight!,2012,https://boxd.it/3Ti0
2023-08-21,Twister,1996,https://boxd.it/29S0
2023-08-26,Sleepwalkers,1992,https://boxd.it/1TRA
2023-08-26,Insidious: The Red Door,2023,https://boxd.it/mIIu
2023-08-27,The Squad: Home Run,2023,https://boxd.it/CAgE
2023-08-27,Sisu,2022,https://boxd.it/vHpu
2023-08-28,Suspiria,1977,https://boxd.it/1SNW
2023-08-30,Moana,2016,https://boxd.it/8tfY
2023-08-30,Skinamarink,2022,https://boxd.it/ByDO
2023-08-31,Case départ,2011,https://boxd.it/1Tq
2023-09-01,Grand Paris,2022,https://boxd.it/Aqre
2023-09-02,Snoopy Presents: One-of-a-Kind Marcie,2023,https://boxd.it/GFAW
2023-09-04,Ring,1998,https://boxd.it/26tw
2023-09-05,Searching for Sugar Man,2012,https://boxd.it/2Y3s
2023-09-05,All Your Faces,2023,https://boxd.it/BOP2
2023-09-05,Ring 2,1999,https://boxd.it/1Y60
2023-09-06,The Tatami Galaxy,2010,https://boxd.it/oL50
2023-09-06,Mad God,2021,https://boxd.it/vVPm
2023-09-07,Breathless,1960,https://boxd.it/2aIK
2023-09-07,Battle Royale,2000,https://boxd.it/25zS
2023-09-10,Sentinelle,2023,https://boxd.it/BNQe
2023-09-10,A Woman Is a Woman,1961,https://boxd.it/1iUC
2023-09-11,How to Survive Without Mum,2023,https://boxd.it/xXYE
2023-09-13,Serial Driver,2023,https://boxd.it/AO7i
2023-09-14,Tremors,1990,https://boxd.it/1YSe
2023-09-14,Sarah Silverman: Someone You Love,2023,https://boxd.it/GEhk
2023-09-15,"Snoopy Presents: It's the Small Things, Charlie Brown",2022,https://boxd.it/zPOA
2023-09-17,Talk to Me,2022,https://boxd.it/C6uQ
2023-09-20,Red Heat,1988,https://boxd.it/1Yga
2023-09-21,The Little Soldier,1963,https://boxd.it/CRm
2023-09-21,She-Devils on Wheels,1968,https://boxd.it/1q66
2023-09-22,Amore Mio,2022,https://boxd.it/Aagk
2023-09-25,Bottoms,2023,https://boxd.it/uGf2
2023-09-27,Fanny Ruwet - Bon anniversaire Jean,2023,https://boxd.it/GaNq
2023-09-27,Fallen Leaves,2023,https://boxd.it/Bgew
2023-09-27,"Small, Slow But Steady",2022,https://boxd.it/yZYe
2023-09-28,On the Silver Globe,1988,https://boxd.it/1sAM
2023-09-28,The Wonderful Story of Henry Sugar,2023,https://boxd.it/yNyo
2023-09-30,Big Trouble in Little China,1986,https://boxd.it/21em
2023-10-01,The Book of Solutions,2023,https://boxd.it/xx3i
2023-10-02,TerrorVision,1986,https://boxd.it/1y72
2023-10-02,Stung,2015,https://boxd.it/7tNk
2023-10-03,Chopping Mall,1986,https://boxd.it/1ow2
2023-10-03,Audition,1999,https://boxd.it/1UHm
2023-10-03,The Cabinet of Dr. Caligari,1920,https://boxd.it/2aOo
2023-10-05,Hellbound: Hellraiser II,1988,https://boxd.it/1ZfW
2023-10-06,Violence Voyager,2018,https://boxd.it/iOSM
2023-10-07,Puppet Master,1989,https://boxd.it/1sOk
2023-10-07,Poltergeist,1982,https://boxd.it/2a0o
2023-10-08,Puppet Master II,1990,https://boxd.it/1sOa
2023-10-08,The Grandmother,1970,https://boxd.it/RMm
2023-10-09,The Innocents,2021,https://boxd.it/oAlc
2023-10-10,Guzoo: The Thing Forsaken by God,1986,https://boxd.it/6Nmc
2023-10-10,King Kong,2005,https://boxd.it/2aLa
2023-10-12,Puppet Master III: Toulon's Revenge,1991,https://boxd.it/1sNQ
2023-10-13,Dark Water,2002,https://boxd.it/1Sik
2023-10-14,Killer Klowns from Outer Space,1988,https://boxd.it/1Kpi
2023-10-15,"Scooby-Doo! and Krypto, Too!",2023,https://boxd.it/Hm4k
2023-10-16,Bad Taste,1987,https://boxd.it/1Xq4
2023-10-16,My Father's Secrets,2022,https://boxd.it/zJRS
2023-10-18,"It's the Great Pumpkin, Charlie Brown",1966,https://boxd.it/1Qmu
2023-10-24,Luisa and the Feathered Snake,2022,https://boxd.it/zLp2
2023-10-24,My Love Affair with Marriage,2022,https://boxd.it/kuom
2023-10-24,Phil Tippett: Mad Dreams and Monsters,2019,https://boxd.it/ljX8
2023-10-25,The Bad Guys,2022,https://boxd.it/nkg4
2023-10-25,Shaun the Sheep: The Flight Before Christmas,2021,https://boxd.it/txO6
2023-10-28,Five Nights at Freddy's,2023,https://boxd.it/ikHu
2023-10-31,Killers of the Flower Moon,2023,https://boxd.it/gHp0
2023-11-01,Scary Movie 3,2003,https://boxd.it/24Be
2023-11-01,Puppet Master 4,1993,https://boxd.it/1sNG
2023-11-02,Baptiste Lecaplain - Voir les gens,2023,https://boxd.it/JmII
2023-11-05,The Boy and the Heron,2023,https://boxd.it/ipeM
2023-11-07,Saw X,2023,https://boxd.it/zUWk
2023-11-07,TÁR,2022,https://boxd.it/uNIA
2023-11-07,Strange Way of Life,2023,https://boxd.it/Aomw
2023-11-08,Rye Lane,2023,https://boxd.it/DIyy
2023-11-09,The Rat Catcher,2023,https://boxd.it/Is8a
2023-11-10,Red Desert,1964,https://boxd.it/1ttW
2023-11-10,Poison,2023,https://boxd.it/Is7Q
2023-11-12,The Animal Kingdom,2023,https://boxd.it/zzJk
2023-11-20,Kyan Khojandi : Une bonne soirée,2023,https://boxd.it/JMDE
2023-11-25,Napoleon,2023,https://boxd.it/shJM
2023-11-29,Beau Is Afraid,2023,https://boxd.it/u2gE
2023-11-30,Aftersun,2022,https://boxd.it/Arw0
2023-12-01,Mais qui a tué Pamela Rose ?,2003,https://boxd.it/1E3A
2023-12-01,Les Déguns 2,2023,https://boxd.it/BOZ2
2023-12-01,Yo Mama,2023,https://boxd.it/BKse
2023-12-01,Elemental,2023,https://boxd.it/ASiE
2023-12-01,Sage homme,2023,https://boxd.it/A9Zy
2023-12-02,Gran Turismo,2023,https://boxd.it/B2lS
2023-12-02,The Crime Is Mine,2023,https://boxd.it/AVjg
2023-12-02,Junkyard Dog,2023,https://boxd.it/A9H0
2023-12-02,Teenage Mutant Ninja Turtles: Mutant Mayhem,2023,https://boxd.it/mK0a
2023-12-02,The Killer,2023,https://boxd.it/u6WE
2023-12-10,Shin Kamen Rider,2023,https://boxd.it/uDlw
2023-12-10,Frérot,2023,https://boxd.it/HNqi
2023-12-12,The Swan,2023,https://boxd.it/Is80
2023-12-13,Yannick,2023,https://boxd.it/G2es
2023-12-13,Air,2023,https://boxd.it/Arlc
2023-12-17,L'Acteur,2023,https://boxd.it/HjvW
2023-12-19,Chicken Run,2000,https://boxd.it/20Xg
2023-12-20,Dealing with Christmas,2023,https://boxd.it/JIPc
2023-12-20,65,2023,https://boxd.it/qbus
2023-12-21,Mishima: A Life in Four Chapters,1985,https://boxd.it/1sBA
2023-12-22,The Gospel According to St. Matthew,1964,https://boxd.it/1y7c
2023-12-23,The Carabineers,1963,https://boxd.it/yjK
2023-12-27,Chicken Run: Dawn of the Nugget,2023,https://boxd.it/iTww
2023-12-27,The Holdovers,2023,https://boxd.it/vHza
2023-12-28,Infested,2023,https://boxd.it/Egl4
2023-12-29,Caprice Italian Style,1968,https://boxd.it/2whQ
2023-12-30,Dream Scenario,2023,https://boxd.it/v2h0
2023-12-30,Oldboy,2003,https://boxd.it/29R2
2023-12-31,Monster,2023,https://boxd.it/DJEM
2024-01-02,White Lily,2016,https://boxd.it/fCgA
2024-01-04,Inseminoid,1981,https://boxd.it/Nlw
2024-01-05,Blow-Up,1966,https://boxd.it/2966
2024-01-06,The King of Kong: A Fistful of Quarters,2007,https://boxd.it/1P2y
2024-01-07,Wonka,2023,https://boxd.it/tCQm
2024-01-08,"Ugly, Dirty and Bad",1976,https://boxd.it/1F8Q
2024-01-08,Perfect Days,2023,https://boxd.it/ATh8
2024-01-13,Don't Die Too Hard!,2001,https://boxd.it/1Mec
2024-01-14,La Tour 2 contrôle infernale,2016,https://boxd.it/cOXK
2024-01-17,The Human Voice,2020,https://boxd.it/p148
2024-01-17,House,1977,https://boxd.it/1vsm
2024-01-18,Don Jon,2013,https://boxd.it/4sdk
2024-01-18,Prince Avalanche,2013,https://boxd.it/3MO4
2024-01-18,Extinction of the Species,2023,https://boxd.it/IwOY
2024-01-19,Poor Things,2023,https://boxd.it/tNWU
2024-01-20,"Mario, Maria and Mario",1993,https://boxd.it/3jQg
2024-01-20,Squeezie: Thanks Internet,2024,https://boxd.it/Mbci
2024-01-21,Pete Davidson: Turbo Fonzarelli,2024,https://boxd.it/KeZo
2024-01-21,A Clockwork Orange,1971,https://boxd.it/2aVE
2024-01-21,The King of Comedy,1982,https://boxd.it/2aJS
2024-01-23,Les SEGPA,2022,https://boxd.it/yLem
2024-01-23,Eric André Live Near Broadway,2024,https://boxd.it/KJto
2024-01-24,"Salò, or the 120 Days of Sodom",1975,https://boxd.it/237s
2024-01-25,Brain Drain 2,2011,https://boxd.it/2NBe
2024-01-26,The Iron Claw,2023,https://boxd.it/w5Pm
2024-01-26,Whiplash,2013,https://boxd.it/cJds
2024-01-30,Daaaaaalí!,2023,https://boxd.it/DzQe
2024-02-02,Alien,1979,https://boxd.it/2awY
2024-02-03,Second Tour,2023,https://boxd.it/Al4O
2024-02-03,Two Evil Eyes,1990,https://boxd.it/1njc
2024-02-04,Motherless Brooklyn,2019,https://boxd.it/ieJk
2024-02-05,The Zone of Interest,2023,https://boxd.it/gJsA
2024-02-07,Past Lives,2023,https://boxd.it/oNB8
2024-02-08,Argylle,2024,https://boxd.it/w1kk
2024-02-10,Blue Velvet,1986,https://boxd.it/29BI
2024-02-11,The Handmaiden,2016,https://boxd.it/948A
2024-02-11,Pokémon Concierge,2023,https://boxd.it/KrNU
2024-02-11,Yuki's Sun,1972,https://boxd.it/d1ws
2024-02-12,Two Ships,2012,https://boxd.it/6Ebk
2024-02-13,Orochi,1925,https://boxd.it/5hYm
2024-02-14,The Phantom Carriage,1921,https://boxd.it/l4s
2024-02-18,Shrek,2001,https://boxd.it/29zi
2024-02-18,"Snoopy Presents: Welcome Home, Franklin",2024,https://boxd.it/GFB6
2024-02-20,Night Swim,2024,https://boxd.it/EyB0
2024-02-23,Chuji's Travel Diary: The Chuji Patrol Episode,1927,https://boxd.it/47mA
2024-02-23,Cyber Ninja,1988,https://boxd.it/55FW
2024-02-23,Anyone But You,2023,https://boxd.it/EzA8
2024-02-24,Raiden,1928,https://boxd.it/bARm
2024-02-25,Man-Slashing Horse-Piercing Sword,1929,https://boxd.it/gIWk
2024-02-26,The Suicide Squad,2021,https://boxd.it/fw6O
2024-02-28,"Monsters, Inc.",2001,https://boxd.it/2a46
2024-02-29,Amélie,2001,https://boxd.it/2aUc
2024-03-02,In Search of Mother,1931,https://boxd.it/h0Fm
2024-03-02,Sleepaway Camp,1983,https://boxd.it/1PSY
2024-03-03,Anatomy of a Fall,2023,https://boxd.it/yuDE
2024-03-03,The Neighbour's Wife and Mine,1931,https://boxd.it/4smw
2024-03-05,Dune,1984,https://boxd.it/29tY
2024-03-06,Dune: Part Two,2024,https://boxd.it/pUfA
2024-03-06,The Young Girls of Rochefort,1967,https://boxd.it/26K8
2024-03-07,Jodorowsky's Dune,2013,https://boxd.it/5MP6
2024-03-09,Viy,1967,https://boxd.it/nd2
2024-03-10,Ricky Stanicky,2024,https://boxd.it/CFjo
2024-03-10,Bully,2001,https://boxd.it/1Yu2
2024-03-12,Ani*Kuri15,2007,https://boxd.it/7OxW
2024-03-12,Millennium Actress,2001,https://boxd.it/1fK0
2024-03-12,Female Astrology,1991,https://boxd.it/60uw
2024-03-12,Girl and Dolphin,1979,https://boxd.it/4so8
2024-03-15,Sorcerer,1977,https://boxd.it/14J6
2024-03-15,A Difficult Year,2023,https://boxd.it/AteW
2024-03-16,Meet the Leroys,2024,https://boxd.it/Ar6Q
2024-03-17,Shock Corridor,1963,https://boxd.it/1vGI
2024-03-17,Jacob's Ladder,1990,https://boxd.it/270g
2024-03-17,Watcher,2022,https://boxd.it/uocO
2024-03-18,The Passenger,2023,https://boxd.it/A8Zs
2024-03-18,Punishment Park,1971,https://boxd.it/1tJK
2024-03-18,When Evil Lurks,2023,https://boxd.it/rXBe
2024-03-20,Sherlock Jr.,1924,https://boxd.it/298m
2024-03-21,Jason Brokerss : 21ème seconde,2023,https://boxd.it/Hm1g
2024-03-23,The Water Magician,1933,https://boxd.it/5dD0
2024-03-28,My Neighbor Totoro,1988,https://boxd.it/20eA
2024-04-02,Kung Fu Panda 4,2024,https://boxd.it/CepE
2024-04-03,On se calme et on boit frais à Saint-Tropez,1987,https://boxd.it/6tpA
2024-04-10,I Do,2006,https://boxd.it/1Ejy
2024-04-11,Ghostbusters: Frozen Empire,2024,https://boxd.it/AxYu
2024-04-11,Cocorico,2024,https://boxd.it/AMxS
2024-04-11,Drive-Away Dolls,2024,https://boxd.it/A8vi
2024-04-12,Funny Games,1997,https://boxd.it/1WKM
2024-04-12,Waly Dia : Ensemble ou rien,2022,https://boxd.it/EaQK
2024-04-14,Imaginary,2024,https://boxd.it/GyJW
2024-04-14,Mean Girls,2004,https://boxd.it/1VNg
2024-04-15,Passing Fancy,1933,https://boxd.it/3U4o
2024-04-16,Metropolis,1927,https://boxd.it/71a
2024-04-17,The First Omen,2024,https://boxd.it/fx08
2024-04-18,"LaRoy, Texas",2023,https://boxd.it/BRJQ
2024-04-21,Civil War,2024,https://boxd.it/z1jW
2024-04-22,"South Park: Bigger, Longer & Uncut",1999,https://boxd.it/1YAO
2024-04-28,Police Officer,1933,https://boxd.it/6rds
2024-04-28,Capricious Young Man,1935,https://boxd.it/kfwq
2024-04-30,Lux Æterna,2019,https://boxd.it/m6b8
2024-05-01,Häxan,1922,https://boxd.it/n4O
2024-05-02,Florence Foresti : Boys Boys Boys,2024,https://boxd.it/MfeW
2024-05-02,Fiasco,2024,https://boxd.it/MVF6
2024-05-03,The Man Who Laughs,1928,https://boxd.it/1rCi
2024-05-03,The Passion of Joan of Arc,1928,https://boxd.it/29DO
2024-05-03,The In(famous) Youssef Salem,2022,https://boxd.it/ByBe
2024-05-03,The Young Girls Turn 25,1993,https://boxd.it/61IY
2024-05-04,The House That Jack Built,2018,https://boxd.it/dWO4
2024-05-04,Cosmic Journey,1935,https://boxd.it/2nsU
2024-05-07,Late Night with the Devil,2023,https://boxd.it/zo6G
2024-05-08,M3GAN,2022,https://boxd.it/jxmG
2024-05-08,Mean Girls,2024,https://boxd.it/p6nO
2024-05-08,Jenny Slate: Seasoned Professional,2024,https://boxd.it/KJ52
2024-05-09,The General,1926,https://boxd.it/29co
2024-05-09,Sunrise: A Song of Two Humans,1927,https://boxd.it/29Xk
2024-05-11,Unfrosted,2024,https://boxd.it/vPY8
2024-05-14,Les SEGPA au ski,2023,https://boxd.it/FA0M
2024-05-14,Tabu: A Story of the South Seas,1931,https://boxd.it/29aM
2024-05-15,Mad Max,1979,https://boxd.it/1Y7i
2024-05-16,The Mascot,1933,https://boxd.it/2fgc
2024-05-17,Cannibal Holocaust,1980,https://boxd.it/1ZWQ
2024-05-17,"The Vampires or, The Arch Criminals of Paris",1915,https://boxd.it/1ofA
2024-05-21,Finding Dory,2016,https://boxd.it/4aAA
2024-05-22,Cars,2006,https://boxd.it/29ho
2024-05-23,The Second Act,2024,https://boxd.it/HW9q
2024-05-23,Maybe More,2024,https://boxd.it/IwGq
2024-05-28,Cars 2,2011,https://boxd.it/H4Y
2024-05-31,The Fall Guy,2024,https://boxd.it/s0Bm
2024-06-02,Flashdance,1983,https://boxd.it/2abG
2024-06-02,Donkey Skin,1970,https://boxd.it/22V2
2024-06-02,The Night of the Hunter,1955,https://boxd.it/25HW
2024-06-02,Fantômas,1913,https://boxd.it/akLg
2024-06-02,South Park: The End of Obesity,2024,https://boxd.it/NfjY
2024-06-04,The Cat,1992,https://boxd.it/3TZe
2024-06-06,Furiosa: A Mad Max Saga,2024,https://boxd.it/tABk
2024-06-13,One Deadly Summer,1983,https://boxd.it/1Zju
2024-06-14,Fatal Termination,1990,https://boxd.it/PCk
2024-06-17,Monkey Man,2024,https://boxd.it/kvsO
2024-06-21,Hannah Einbinder: Everything Must Go,2024,https://boxd.it/Nguo
2024-06-21,Faust,1926,https://boxd.it/1Vxi
2024-06-22,Enormous,2019,https://boxd.it/nLtO
2024-06-22,Godzilla,1954,https://boxd.it/28kc
2024-06-22,The Haunted Castle,1921,https://boxd.it/21mK
2024-06-24,IF,2024,https://boxd.it/nJwG
2024-06-25,Tartuffe,1925,https://boxd.it/rzQ
2024-06-25,Train to Busan,2016,https://boxd.it/dSQU
2024-06-28,Hiroshima Mon Amour,1959,https://boxd.it/22WY
2024-06-30,Gran Torino,2008,https://boxd.it/1Qzy
2024-06-30,Tarot,2024,https://boxd.it/qWMy
2024-06-30,Shiva Baby,2020,https://boxd.it/oIv0
2024-07-03,This Is the Goat!,2024,https://boxd.it/DDcC
2024-07-03,The Empire,2024,https://boxd.it/z2YG
2024-07-04,Friday the 13th,1980,https://boxd.it/24fs
2024-07-04,Patriotism,1966,https://boxd.it/2pZ2
2024-07-10,Beverly Hills Cop: Axel F,2024,https://boxd.it/8Bvq
2024-07-11,Ferrari,2023,https://boxd.it/cEtq
2024-07-11,Night and Fog,1956,https://boxd.it/29A6
2024-07-14,The Watchers,2024,https://boxd.it/F6Rw
2024-07-17,Plastic Guns,2024,https://boxd.it/BPJY
2024-07-22,Inside Out 2,2024,https://boxd.it/CFrC
2024-07-22,Inside Out,2015,https://boxd.it/4KHC
2024-07-24,The Count of Monte Cristo,2024,https://boxd.it/F1Nk
2024-07-26,Sixty-nine,2024,https://boxd.it/Oqiu
2024-07-28,Deadpool & Wolverine,2024,https://boxd.it/jq8s
2024-07-30,Pad Man,2018,https://boxd.it/fX5e
2024-07-30,Popeye the Sailor Meets Sindbad the Sailor,1936,https://boxd.it/2f70
2024-08-05,"Françoise Dorléac, une promesse",2018,https://boxd.it/vT1Y
2024-08-08,The Next 365 Days,2022,https://boxd.it/vhaS
2024-08-12,(500) Days of Summer,2009,https://boxd.it/1EmM
2024-08-16,The Garfield Movie,2024,https://boxd.it/s93y
2024-08-17,Alien: Romulus,2024,https://boxd.it/zGqO
2024-08-20,Trap,2024,https://boxd.it/D4nK
2024-08-22,Saving Bikini Bottom: The Sandy Cheeks Movie,2024,https://boxd.it/vmgQ
2024-08-24,10 Things I Hate About You,1999,https://boxd.it/23AO
2024-08-24,Longlegs,2024,https://boxd.it/KzLM
2024-08-24,Vampyr,1932,https://boxd.it/29DY
2024-08-24,Before Sunrise,1995,https://boxd.it/2bcU
2024-08-26,Jackpot!,2024,https://boxd.it/FnMI
2024-08-27,Game Changers,2024,https://boxd.it/GaKG
2024-08-27,Battleship Potemkin,1925,https://boxd.it/29Vo
2024-08-28,Before Sunset,2004,https://boxd.it/2bcg
2024-08-30,The Smiling Madame Beudet,1923,https://boxd.it/G28
2024-09-01,Eternal Sunshine of the Spotless Mind,2004,https://boxd.it/6YK
2024-09-02,"Why, Charlie Brown, Why?",1990,https://boxd.it/4jGM
2024-09-02,Borderlands,2024,https://boxd.it/cDme
2024-09-03,October (Ten Days that Shook the World),1928,https://boxd.it/29N0
2024-09-04,Blink Twice,2024,https://boxd.it/vIOg
2024-09-05,Emilia Pérez,2024,https://boxd.it/AP3G
2024-09-09,Strike,1925,https://boxd.it/QFk
2024-09-12,Fary : Aime-moi si tu peux,2024,https://boxd.it/OgCE
2024-09-16,DJ Mehdi: Made in France,2024,https://boxd.it/QkA2
2024-09-19,A Little Something Extra,2024,https://boxd.it/HzIM
2024-09-22,Beetlejuice Beetlejuice,2024,https://boxd.it/yyGs
2024-09-23,Winnie-the-Pooh: Blood and Honey 2,2024,https://boxd.it/EPuU
2024-09-24,Kaizen,2024,https://boxd.it/PRJY
2024-10-02,Satan's Rhapsody,1917,https://boxd.it/4nd0
2024-10-02,A Nightmare on Elm Street,2010,https://boxd.it/1zdg
2024-10-05,Nosferatu,1922,https://boxd.it/29TM
2024-10-06,Megalopolis,2024,https://boxd.it/lPBS
2024-10-08,Immaculate,2024,https://boxd.it/Douw
2024-10-08,The Phantom of the Opera,1925,https://boxd.it/29bU
2024-10-09,Poltergeist,2015,https://boxd.it/79UK
2024-10-10,Babe: Pig in the City,1998,https://boxd.it/1YEQ
2024-10-14,Joker: Folie à Deux,2024,https://boxd.it/xBoE
2024-10-16,Puppet Master 5,1994,https://boxd.it/1sNw
2024-10-16,Retro Puppet Master,1999,https://boxd.it/1sNc
2024-10-18,Terrifier 3,2024,https://boxd.it/D8tM
2024-10-21,Death Becomes Her,1992,https://boxd.it/1YQi
2024-10-25,Scream,1996,https://boxd.it/24EC
2024-10-27,Little Shop of Horrors,1986,https://boxd.it/1Vqm
2024-10-27,Phantom of the Paradise,1974,https://boxd.it/1s34
2024-10-30,Family Pack,2024,https://boxd.it/Fhmu
2024-10-30,The Platform,2019,https://boxd.it/mUm6
2024-10-30,The Platform 2,2024,https://boxd.it/Gz88
2024-11-04,Woman of the Hour,2023,https://boxd.it/vuz2
2024-11-09,Scary Movie,2000,https://boxd.it/24CG
2024-11-11,Uzumaki,2024,https://boxd.it/nimO
2024-11-11,The Substance,2024,https://boxd.it/zanS
2024-11-13,Scary Movie 2,2001,https://boxd.it/24Cw
2024-11-13,Scary Movie 5,2013,https://boxd.it/24AU
2024-11-13,Twins,1988,https://boxd.it/1YxK
2024-11-14,Weird Science,1985,https://boxd.it/1T1O
2024-11-14,Look Who's Talking,1989,https://boxd.it/1YxA
2024-11-15,Airport 1975,1974,https://boxd.it/1qDu
2024-11-20,¡Three Amigos!,1986,https://boxd.it/20f4
2024-11-20,Samurai Cop,1991,https://boxd.it/3Na
2024-11-23,We Need to Talk About Kevin,2011,https://boxd.it/2pTS
2024-11-25,Beating Hearts,2024,https://boxd.it/AeF4
2024-11-26,Look Back,2024,https://boxd.it/LjA6
2024-11-28,Hit Man,2023,https://boxd.it/ANB2
2024-11-29,A Boy Named Charlie Brown,1963,https://boxd.it/j9So
2024-12-05,Scrooged,1988,https://boxd.it/1Y9e
2024-12-10,The Doom Generation,1995,https://boxd.it/1PVe
2024-12-10,Saturn 3,1980,https://boxd.it/1Ezc
2024-12-10,Les Oreilles entre les dents,1987,https://boxd.it/jqJI
2024-12-13,A Nonsense Christmas with Sabrina Carpenter,2024,https://boxd.it/QkR8
2024-12-13,Baby Reindeer,2024,https://boxd.it/MwSa
2024-12-16,Not Without My Shrink,2024,https://boxd.it/GKqW
2024-12-17,Wicked,2024,https://boxd.it/e8ME
2024-12-17,Red Rooms,2023,https://boxd.it/ym4c
2024-12-19,Iris and the Men,2023,https://boxd.it/BQ6e
2024-12-19,Emmanuelle,1974,https://boxd.it/1xJa
2024-12-19,Humanist Vampire Seeking Consenting Suicidal Person,2023,https://boxd.it/Blzk
2024-12-20,Making Of,2023,https://boxd.it/AIiO
2024-12-20,Tag,2015,https://boxd.it/bjvI
2024-12-27,"Miyazaki, Spirit of Nature",2024,https://boxd.it/Oo54
2024-12-29,Nosferatu,2024,https://boxd.it/f5eG
2024-12-30,All of Us Strangers,2023,https://boxd.it/Bz3C
2024-12-30,Mondays: See You 'This' Week!,2022,https://boxd.it/Dn0K
2024-12-31,Love Lies Bleeding,2024,https://boxd.it/zN4q
2025-01-02,The Jazz Singer,1927,https://boxd.it/29ek
2025-01-04,L'Atalante,1934,https://boxd.it/ThU
2025-01-05,"Maybe someday, another history of French rap",2015,https://boxd.it/buR6
2025-01-06,Anora,2024,https://boxd.it/Egcw
2025-01-06,We Live in Time,2024,https://boxd.it/FC5u
2025-01-07,The Pleasure of Love,1991,https://boxd.it/8RjK
2025-01-07,Japanese Hell,1999,https://boxd.it/35PS
2025-01-09,Wallace & Gromit: Vengeance Most Fowl,2024,https://boxd.it/z14C
2025-01-12,The Golem: How He Came Into the World,1920,https://boxd.it/262g
2025-01-14,Golden Eighties,1986,https://boxd.it/67Q
2025-01-15,Contempt,1963,https://boxd.it/2aJe
2025-01-16,The Captive,2000,https://boxd.it/Lcs
2025-01-17,Godzilla Minus One,2023,https://boxd.it/zu4c
2025-01-20,Godzilla × Kong: The New Empire,2024,https://boxd.it/v1PK
2025-01-20,The Marching Band,2024,https://boxd.it/BPIQ
2025-01-22,The Gardener,2025,https://boxd.it/LPcK
2025-01-22,Ménage,1986,https://boxd.it/24WG
2025-01-22,Snoopy Presents: Lucy's School,2022,https://boxd.it/AQa4
2025-01-23,Persona,1966,https://boxd.it/29B4
2025-01-24,Actors,2000,https://boxd.it/IJ4
2025-01-26,The Lego Batman Movie,2017,https://boxd.it/azp0
2025-01-27,The Room Next Door,2024,https://boxd.it/Fb4k
2025-01-28,Challengers,2024,https://boxd.it/zld0
2025-01-29,"It's the Easter Beagle, Charlie Brown",1974,https://boxd.it/1pl0
2025-02-01,"Jeanne Dielman, 23, quai du Commerce, 1080 Bruxelles",1975,https://boxd.it/T18
2025-02-07,The Mule,2018,https://boxd.it/idcY
2025-02-07,The Meetings of Anna,1978,https://boxd.it/3gEG
2025-02-17,Easy A,2010,https://boxd.it/17DK
2025-02-19,12 Angry Men,1957,https://boxd.it/2auI
2025-02-19,Almayer's Folly,2011,https://boxd.it/34TE
2025-02-19,Bay of Angels,1963,https://boxd.it/fde
2025-02-19,You're Cordially Invited,2025,https://boxd.it/BFKW
2025-02-19,Back in Action,2025,https://boxd.it/By9k
2025-02-19,Je Tu Il Elle,1974,https://boxd.it/3gWK
2025-02-19,The Umbrellas of Cherbourg,1964,https://boxd.it/22fK
2025-02-20,Chantal Akerman: Always on the Road,2024,https://boxd.it/O2YG
2025-02-20,Redline,2009,https://boxd.it/2pQ0
2025-02-22,Bref. Good Friends,2025,https://boxd.it/TbLG
2025-02-22,The Monkey,2025,https://boxd.it/Gwiu
2025-03-04,F*ckin' Fred : Comme un Léopard,2025,https://boxd.it/SRQc
2025-03-10,Picnic on the Grass,1959,https://boxd.it/VhM
2025-03-10,Life Is Ours,1936,https://boxd.it/Pi0
2025-03-10,The Virgin Spring,1960,https://boxd.it/1TjI
2025-03-11,The Fall of the House of Usher,1928,https://boxd.it/1q2o
2025-03-12,News from Home,1976,https://boxd.it/34TO
2025-03-14,The Gorge,2025,https://boxd.it/zRqK
2025-03-14,Dante's Inferno,1911,https://boxd.it/2tlK
2025-03-16,Akira,1988,https://boxd.it/2b1i
2025-03-17,The Electric State,2025,https://boxd.it/tev0
2025-03-17,"Night Is Short, Walk On Girl",2017,https://boxd.it/ffwA
2025-03-17,Mickey 17,2025,https://boxd.it/q1Dk
2025-03-18,"Bon Voyage, Marie",2025,https://boxd.it/BVXs
2025-03-19,Oddity,2024,https://boxd.it/K9pg
2025-04-04,A Minecraft Movie,2025,https://boxd.it/zRro
2025-04-07,Banger,2025,https://boxd.it/MeNm
2025-04-18,Silent Hill,2006,https://boxd.it/2a3C
2025-04-20,5 Centimeters per Second,2007,https://boxd.it/16G4
2025-04-23,Snack Shack,2024,https://boxd.it/DeKu
2025-05-01,Sinners,2025,https://boxd.it/KQMM
2025-05-02,A Tale of Springtime,1990,https://boxd.it/1pZ0
2025-05-02,The Kreutzer Sonata,1956,https://boxd.it/7y7o
2025-05-04,Grand Blue,2020,https://boxd.it/phvu
2025-05-04,Wild Grass,2009,https://boxd.it/17o6
2025-05-08,Hard Boiled,1992,https://boxd.it/1T6a
2025-05-08,A Tale of Autumn,1998,https://boxd.it/1WJY
2025-05-10,A Tale of Winter,1992,https://boxd.it/1WJO
2025-05-13,Until Dawn,2025,https://boxd.it/KOb0
2025-05-14,Final Destination,2000,https://boxd.it/1YrC
2025-05-14,Final Destination 2,2003,https://boxd.it/1YSS
2025-05-14,Final Destination 3,2006,https://boxd.it/1Z40
2025-05-15,The Final Destination,2009,https://boxd.it/1EmW
2025-05-15,Final Destination 5,2011,https://boxd.it/r1k
2025-05-16,A Summer's Tale,1996,https://boxd.it/183e
2025-05-16,My Night at Maud's,1969,https://boxd.it/Hwo
2025-05-16,A Good Marriage,1982,https://boxd.it/26aE
2025-05-18,Final Destination Bloodlines,2025,https://boxd.it/l5y4
2025-05-19,The River,1951,https://boxd.it/Q3K
2025-05-19,Boyfriends and Girlfriends,1987,https://boxd.it/14C
2025-05-20,Smiles of a Summer Night,1955,https://boxd.it/1TcM
2025-05-23,Howlings in Favour of De Sade,1952,https://boxd.it/5uXG
2025-05-24,The Super Inframan,1975,https://boxd.it/11O8
2025-05-30,Kamen Rider J,1994,https://boxd.it/5DEI
2025-05-30,Godzilla Raids Again,1955,https://boxd.it/28k2
2025-06-02,Companion,2025,https://boxd.it/F04o
2025-06-03,Babygirl,2024,https://boxd.it/Fvai
2025-06-03,An Endless Wedding,2025,https://boxd.it/OkKi
2025-06-04,Silent Hill: Revelation 3D,2012,https://boxd.it/eH8
2025-07-08,Kill Bill: Vol. 1,2003,https://boxd.it/70w
2025-07-09,28 Days Later,2002,https://boxd.it/2aXU
2025-07-10,28 Years Later,2025,https://boxd.it/FEGM
2025-07-11,Creature Designers: The Frankenstein Complex,2015,https://boxd.it/dJIW
2025-07-12,Funny People,2009,https://boxd.it/1CRy
2025-07-12,Popstar: Never Stop Never Stopping,2016,https://boxd.it/blDa
2025-07-14,Kamen Rider ZO,1993,https://boxd.it/5GQi
2025-07-14,Haunted School,1995,https://boxd.it/47B6
2025-07-16,Little Amélie or the Character of Rain,2025,https://boxd.it/prg0
2025-07-19,The Killer,1989,https://boxd.it/1Vha
2025-07-23,Jurassic World Rebirth,2025,https://boxd.it/KUeE
2025-07-25,Clown in a Cornfield,2025,https://boxd.it/qIbo
2025-07-26,Superman,2025,https://boxd.it/E9IU
2025-07-29,Bring Her Back,2025,https://boxd.it/Hxlc
2025-07-31,Zëiram,1991,https://boxd.it/1s6s
2025-08-05,Lake Mungo,2008,https://boxd.it/1rWM
2025-08-06,The Man Who Shot Liberty Valance,1962,https://boxd.it/1Tdg
2025-08-06,Alien Resurrection,1997,https://boxd.it/20zI
2025-08-06,The Godfather,1972,https://boxd.it/2aNK
2025-08-09,Martyrs,2008,https://boxd.it/1Yqu
2025-08-09,Wayne's World,1992,https://boxd.it/1ZHG
2025-08-10,Paranormal Activity 2,2010,https://boxd.it/ZnO
2025-08-11,"Snoopy Presents: To Mom (and Dad), with Love",2022,https://boxd.it/zPOK
2025-08-11,MaXXXine,2024,https://boxd.it/CIM4
2025-08-12,Wayne's World 2,1993,https://boxd.it/1ZHw
2025-08-13,Pauline at the Beach,1983,https://boxd.it/1WC4
2025-08-14,Zoolander,2001,https://boxd.it/1YMA
2025-08-15,Hot Fuzz,2007,https://boxd.it/2416
2025-08-15,Zoolander 2,2016,https://boxd.it/aNBE
2025-08-16,Kneecap,2024,https://boxd.it/ILxI
2025-08-17,Scary Movie 4,2006,https://boxd.it/24B4
2025-08-17,"Onoda: 10,000 Nights in the Jungle",2021,https://boxd.it/pYiS
2025-08-18,Devilman,2004,https://boxd.it/1bbq
2025-08-18,Night on the Galactic Railroad,1985,https://boxd.it/1800
2025-08-19,The Searchers,1956,https://boxd.it/25HC
2025-08-20,10 Years with Hayao Miyazaki,2019,https://boxd.it/wfpS
2025-08-20,Weapons,2025,https://boxd.it/EMTM
2025-08-21,Die Nibelungen: Siegfried,1924,https://boxd.it/1iWS
2025-08-25,Snoopy Presents: A Summer Musical,2025,https://boxd.it/V7qS
2025-08-26,Uzumaki,2000,https://boxd.it/1U1q
2025-08-26,The Internship,2013,https://boxd.it/3SWS
2025-08-26,DodgeBall: A True Underdog Story,2004,https://boxd.it/1YAY
2025-08-27,Love Is Overrated,2025,https://boxd.it/Ewga
2025-08-28,Faster,2025,https://boxd.it/M53E
2025-08-28,Miracle Bunny,1988,https://boxd.it/zgm2
2025-08-28,Miracle Bunny 2,1988,https://boxd.it/zglI
2025-08-31,KPop Demon Hunters,2025,https://boxd.it/ufwK
2025-09-01,Escape from the 21st Century,2024,https://boxd.it/LcC0
2025-09-04,The Naked Gun,2025,https://boxd.it/Da9k
2025-09-05,Gremlins,1984,https://boxd.it/29gg
2025-09-05,Gremlins 2: The New Batch,1990,https://boxd.it/29g6
2025-09-14,Hard Eight,1996,https://boxd.it/20DU
2025-09-15,McWalter,2025,https://boxd.it/NDz2
2025-09-15,Boogie Nights,1997,https://boxd.it/23um
2025-09-16,Magnolia,1999,https://boxd.it/2aze
2025-09-17,Punch-Drunk Love,2002,https://boxd.it/20E4
2025-09-20,There Will Be Blood,2007,https://boxd.it/20Z2
2025-09-21,The Master,2012,https://boxd.it/2cBG
2025-09-22,Inherent Vice,2014,https://boxd.it/5hla
2025-09-23,Phantom Thread,2017,https://boxd.it/e4uc
2025-09-24,One Battle After Another,2025,https://boxd.it/DUHM
2025-10-01,The Farewell,2019,https://boxd.it/kIky
2025-10-03,The Seventh Curse,1986,https://boxd.it/12XA
2025-10-04,The Sentry,2025,https://boxd.it/TxgU
2025-10-05,How To Kill Zombies Act. 1,1995,https://boxd.it/zlAy
2025-10-06,Yoga Hosers,2016,https://boxd.it/96GE
2025-10-08,Winterbeast,1992,https://boxd.it/34hA
2025-10-09,Dead Talents Society,2024,https://boxd.it/C3y6
2025-10-09,Thanksgiving,2023,https://boxd.it/EviY
2025-10-12,How To Kill Zombies Act. 3,1995,https://boxd.it/zlzK
2025-10-12,Super-Horror Experience 1: Death and Make-up,1995,https://boxd.it/Ajcm
2025-10-13,Living Large,2024,https://boxd.it/zJPs
2025-10-14,Flow,2024,https://boxd.it/v1Ei
2025-10-26,The Day the Earth Blew Up: A Looney Tunes Movie,2024,https://boxd.it/wPxe
2025-10-27,The Shrinking Man,2025,https://boxd.it/KRVg
2025-10-27,Hell of a Summer,2023,https://boxd.it/BLQQ
2025-10-28,The Conjuring: Last Rites,2025,https://boxd.it/Dh8e
2025-10-29,Heart Eyes,2025,https://boxd.it/NHOK
2025-10-29,Junji Ito Maniac: Japanese Tales of the Macabre,2023,https://boxd.it/EIJS
2025-10-30,Yoroï,2025,https://boxd.it/Qlcg
2025-11-01,Clown,2014,https://boxd.it/3LJ8
2025-11-05,Chainsaw Man – The Movie: Reze Arc,2025,https://boxd.it/Kgyu
2025-11-06,A Charlie Brown Thanksgiving,1973,https://boxd.it/1Q5I
2025-11-10,City Girl,1930,https://boxd.it/1dfa
2025-11-10,3 Bad Men,1926,https://boxd.it/1gDu
2025-11-11,Johnny English,2003,https://boxd.it/1YyI
2025-11-22,Joy,2015,https://boxd.it/8kEU
2025-11-23,Black to the Future,2025,https://boxd.it/LPbC
2025-11-24,The Things of Life,1970,https://boxd.it/25oU
2025-11-24,Winter in Sokcho,2024,https://boxd.it/BPZC
2025-11-25,Dead Man's Boots,2025,https://boxd.it/BPLU
2025-11-29,Death of a Unicorn,2025,https://boxd.it/HCPm
2025-12-02,The Piano Accident,2025,https://boxd.it/O7k2
2025-12-03,Christmas with the Tuches,2021,https://boxd.it/mFWI
2025-12-03,The Smashing Machine,2025,https://boxd.it/syUC
2025-12-03,The Long Walk,2025,https://boxd.it/mic8
2025-12-04,Sarkozy-Gaddafi: The Scandal of All Scandals,2025,https://boxd.it/NeZY
2025-12-05,Five Nights at Freddy's 2,2025,https://boxd.it/KEvY
2025-12-06,Together,2025,https://boxd.it/LdFE
2025-12-07,Metal Skin Panic MADOX-01,1987,https://boxd.it/a26
2025-12-08,Rawhead Rex,1986,https://boxd.it/1Q1c
2025-12-09,Kaito Ruby,1988,https://boxd.it/i35I
2025-12-10,From Beijing with Love,1994,https://boxd.it/Zuq
2025-12-10,That Most Important Thing: Love,1975,https://boxd.it/25mk
2025-12-11,Shoes,1916,https://boxd.it/4xlI
2025-12-14,Sociology Is a Martial Art,2001,https://boxd.it/18no
2025-12-15,Reflection in a Dead Diamond,2025,https://boxd.it/CjmU
2025-12-15,The Running Man,2025,https://boxd.it/u36A
2025-12-16,Time to Work!,2024,https://boxd.it/Qhiu
2025-12-16,The Cabbie,2000,https://boxd.it/a7Qi
2025-12-17,"Not Seen, Not Caught",1998,https://boxd.it/cWq
2025-12-23,From the Life of the Marionettes,1980,https://boxd.it/XBO
2025-12-24,Lions Love,1969,https://boxd.it/988
2025-12-27,Avatar: Fire and Ash,2025,https://boxd.it/2W7s
2025-12-29,Vagabond,1985,https://boxd.it/T0u
2025-12-29,Uncle Yanco,1967,https://boxd.it/8sV0
2026-01-01,Zootopia 2,2025,https://boxd.it/F0vO
2026-01-02,8 Women,2002,https://boxd.it/27Lm
2026-01-03,Cosmos,2015,https://boxd.it/abCE
2026-01-05,Hypocrites,1915,https://boxd.it/4Lvs
2026-01-05,Rush Hour,1998,https://boxd.it/27pU
2026-01-06,Knock Off,1998,https://boxd.it/18cU
2026-01-06,Step Brothers,2008,https://boxd.it/1SsE
2026-01-08,The Cat and the Canary,1927,https://boxd.it/2ECC
2026-01-09,Where Are My Children?,1916,https://boxd.it/4HnE
2026-01-11,Kill Boksoon,2023,https://boxd.it/w53W
2026-01-12,Wedding Crashers,2005,https://boxd.it/1Yte
2026-01-13,This Is 40,2012,https://boxd.it/39WI
2026-01-13,Violent Cop,1989,https://boxd.it/1Rym
2026-01-15,Wreck-It Ralph,2012,https://boxd.it/2TTS
2026-01-15,Attention danger travail,2003,https://boxd.it/1jfU
2026-01-17,Ralph Breaks the Internet,2018,https://boxd.it/edAy
2026-01-19,The Gleaners and I,2000,https://boxd.it/S6c
2026-01-20,Enfin pris ?,2002,https://boxd.it/cWU
2026-01-22,Fin de concession,2010,https://boxd.it/97iI
2026-01-22,Boiling Point,1990,https://boxd.it/1sQA
2026-01-26,28 Years Later: The Bone Temple,2026,https://boxd.it/MwlA
2026-01-26,Surf's Up,2007,https://boxd.it/1YKY
2026-01-30,Faces Places,2017,https://boxd.it/g7ck
2026-01-30,Twilight,2008,https://boxd.it/1Zui
2026-02-02,The Gleaners and I: Two Years Later,2002,https://boxd.it/2Xok
2026-02-04,A Scene at the Sea,1991,https://boxd.it/1z10
2026-02-06,"Hollande, DSK, etc ...",2012,https://boxd.it/7zC8
2026-02-06,The New Watchdogs,2011,https://boxd.it/4K3W
2026-02-08,Return to Silent Hill,2026,https://boxd.it/po3C
2026-02-10,Tax Me If You Can,2022,https://boxd.it/Ajlo
2026-02-10,Green Snake,1993,https://boxd.it/12Vk
2026-02-11,The Monopoly of Violence,2020,https://boxd.it/r5Sq
2026-02-13,Roman Frayssinet : Ô delà,2026,https://boxd.it/10SgU
2026-02-19,Fifty Shades of Grey,2015,https://boxd.it/6qLo
2026-02-19,Primate,2025,https://boxd.it/Obz6
2026-02-20,Thomas VDB acclimatizes,2024,https://boxd.it/Oxnm
2026-02-21,Evil Heart,1985,https://boxd.it/eflA
2026-02-22,Leave One Day,2025,https://boxd.it/MK6k
2026-02-22,Dog 51,2025,https://boxd.it/MhAA
2026-02-23,"If You Don't Like It, Look Away",2025,https://boxd.it/V64c
2026-02-24,How to Make a Killing,2024,https://boxd.it/JWI0
2026-02-24,Nouvelle Vague,2025,https://boxd.it/LLLQ
2026-02-24,Colours of Time,2025,https://boxd.it/KWqC
2026-02-26,The Little Sister,2025,https://boxd.it/AicU
2026-02-27,The Ties That Bind Us,2024,https://boxd.it/Fuoo
2026-03-01,The Mask,1994,https://boxd.it/29rS
2026-03-10,Roman Frayssinet : Ô dedans,2024,https://boxd.it/KXp6
2026-03-10,Yumeji Tanima's Scream Theater,1999,https://boxd.it/Ww66
2026-03-10,How to Train Your Dragon 2,2014,https://boxd.it/2TRW
2026-03-11,LOL 2.0: Anne’s Golden Hour,2026,https://boxd.it/UOQW
2026-03-11,The Moment,2026,https://boxd.it/SCkg
2026-03-17,Marlon Wayans: Good Grief,2024,https://boxd.it/N0SY
2026-03-17,Yokai Monsters: Spook Warfare,1968,https://boxd.it/4nYA
2026-03-17,"Crouching Tiger, Hidden Dragon",2000,https://boxd.it/2b1M
2026-03-17,Un berger et deux perchés à l'Elysée ?,2019,https://boxd.it/kQSy
2026-03-18,Choron dernière,2006,https://boxd.it/cXe
2026-03-19,Throne of Blood,1957,https://boxd.it/251w
2026-03-21,She Wore a Yellow Ribbon,1949,https://boxd.it/1Pa8
2026-03-21,Lupin the Third: Jigen's Gravestone,2014,https://boxd.it/7IPA
2026-03-21,Lupin the 3rd: Goemon's Blood Spray,2017,https://boxd.it/giRI
2026-03-23,How to Train Your Dragon: The Hidden World,2019,https://boxd.it/5a9w
2026-04-02,Exit 8,2025,https://boxd.it/S9Kk
2026-04-02,The Super Mario Galaxy Movie,2026,https://boxd.it/KzPa
2026-04-03,Lupin the IIIrd: Fujiko's Lie,2019,https://boxd.it/lDOq
2026-04-03,LUPIN THE IIIRD: Zenigata and the Two Lupins,2025,https://boxd.it/UGss
2026-04-03,The Holy Mountain,1973,https://boxd.it/20mu
2026-04-04,"Gébé on arrête tout, on réfléchit",2020,https://boxd.it/rkDg
2026-04-07,LUPIN THE IIIRD: The Movie - The Immortal Bloodline,2025,https://boxd.it/REPI
2026-04-14,The Drama,2026,https://boxd.it/OA2w
2026-04-14,Hoppers,2026,https://boxd.it/OFpg
2026-04-19,The Sacrament,2013,https://boxd.it/6iEY
2026-04-19,Good Boy,2025,https://boxd.it/SC0q
2026-04-20,Malcolm in the Middle: Life's Still Unfair,2026,https://boxd.it/12aFq
2026-04-20,Project Hail Mary,2026,https://boxd.it/pEeQ
2026-04-21,Whistle,2025,https://boxd.it/JgGm
2026-04-27,The Castle of Cagliostro,1979,https://boxd.it/1Mn4
2026-04-28,LUPIN THE 3rd vs. CAT'S EYE,2023,https://boxd.it/CQyk
2026-04-30,Nos cœurs sur la main,2026,https://boxd.it/12fzM
2026-05-04,Honey Don't!,2025,https://boxd.it/Hurc
2026-05-06,C'est la vie!,2017,https://boxd.it/fk34
2026-05-08,Outcome,2026,https://boxd.it/DHU4
2026-05-11,Die My Love,2025,https://boxd.it/D5cI
2026-05-12,Fanny Ruwet : On disait qu'on faisait la fête,2026,https://boxd.it/12mG6
2026-05-17,Send Help,2026,https://boxd.it/JuhA
2026-05-22,Scooby-Doo,2002,https://boxd.it/1YaQ
2026-05-25,Scooby-Doo 2: Monsters Unleashed,2004,https://boxd.it/1UPA
2026-05-26,Scooby-Doo! The Mystery Begins,2009,https://boxd.it/1Ai2
2026-05-27,Lee Cronin's The Mummy,2026,https://boxd.it/NM9C
2026-05-27,Sonatine,1993,https://boxd.it/20TI
2026-05-28,In the House,2012,https://boxd.it/41HW
2026-05-28,Scooby-Doo! Curse of the Lake Monster,2010,https://boxd.it/KuA
2026-05-28,Monsieur Poulpe : Nombril,2025,https://boxd.it/VZFM
2026-05-28,Faces of Death,2026,https://boxd.it/wiLC
2026-05-30,Heat,1995,https://boxd.it/2bg8
2026-05-30,Swing Girls,2004,https://boxd.it/1ag0
2026-06-02,TRENTE,2026,https://boxd.it/133Wm
2026-06-03,The Boss Baby,2017,https://boxd.it/9mfO
2026-06-08,Scary Movie,2026,https://boxd.it/MxEo
2026-06-09,Good Morning,1959,https://boxd.it/2lkk
2026-06-09,A Better Tomorrow,1986,https://boxd.it/1TLW
2026-06-10,Hard Corner: Le Film,2014,https://boxd.it/ZeRO
2026-06-11,Marsupilami,2025,https://boxd.it/HkWk
2026-06-11,The Guyver,1991,https://boxd.it/1MYa
2026-06-15,Cadillac Man,1990,https://boxd.it/1WVA
2026-06-15,Obsession,2025,https://boxd.it/PNqo
2026-06-15,Gorgo,1961,https://boxd.it/10U0
2026-06-17,Iron Lung,2026,https://boxd.it/GdtI
2026-06-21,Tokyo Species,2012,https://boxd.it/3n0e
2026-06-24,Backrooms,2026,https://boxd.it/EY6W
2026-06-24,Toy Story 5,2026,https://boxd.it/F06E
2026-06-25,undertone,2025,https://boxd.it/UXeM
2026-07-02,Time and Tide,2000,https://boxd.it/Gpw
2026-07-08,A Family of Bastards,2026,https://boxd.it/VNl6
2026-07-08,Guru,2025,https://boxd.it/M2jE
2026-07-09,Evil Dead Burn,2026,https://boxd.it/K1R2
2026-07-13,Tokyo Story,1953,https://boxd.it/1HuY
2026-07-17,Millennium Mambo,2001,https://boxd.it/1Tzw
2026-07-19,The Odyssey,2026,https://boxd.it/QFQU
2026-07-20,Bullet Ballet,1998,https://boxd.it/1uMg
2026-07-26,Killers on Parade,1961,https://boxd.it/4ke0
2026-07-27,How to be a Billionaire with Xavier Niel,2026,https://boxd.it/15fiC
2026-07-29,A Boy Named Charlie Brown,1969,https://boxd.it/1MmA
2026-08-01,"Snoopy Presents: There's No Place Like Home, Snoopy",2026,https://boxd.it/13tnM
2026-08-02,Blue Gate Crossing,2002,https://boxd.it/RhS
2026-08-03,Dragon Ball Z: Bojack Unbound,1993,https://boxd.it/14su
2026-08-04,The Adventures of Tintin,2011,https://boxd.it/1Irc
2026-08-05,Not Very Normal Activities,2013,https://boxd.it/55D2
2026-08-09,Say Cheese,2022,https://boxd.it/xLks
2026-08-09,Spider-Man: Brand New Day,2026,https://boxd.it/ACJE
2026-08-10,Children of Men,2006,https://boxd.it/1Y2i
2026-08-10,The Exchange Student,2016,https://boxd.it/ekEM
